"beta1","beta2","alpha1","alpha2","eta1","eta2","nll"
0.3239414871669,0.672726926434784,0.387825784268738,0.721880852223606,1.78129981610925,5.01315461915031,413678.534050624
