"beta1","beta2","alpha1","alpha2","eta1","eta2"
0.128080984365651,0.875810749549485,0.747308158188099,0.651739859685675,5.38651685923086,2.38299589991569
